"new","http://arxiv.org/list/math.AG/new"
"recent","http://arxiv.org/list/math.AG/recent"
"current month","http://arxiv.org/list/math.AG/current"
"new","http://arxiv.org/list/math.AT/new"
"recent","http://arxiv.org/list/math.AT/recent"
"current month","http://arxiv.org/list/math.AT/current"
"new","http://arxiv.org/list/math.AP/new"
"recent","http://arxiv.org/list/math.AP/recent"
"current month","http://arxiv.org/list/math.AP/current"
"new","http://arxiv.org/list/math.CT/new"
"recent","http://arxiv.org/list/math.CT/recent"
"current month","http://arxiv.org/list/math.CT/current"
"new","http://arxiv.org/list/math.CA/new"
"recent","http://arxiv.org/list/math.CA/recent"
"current month","http://arxiv.org/list/math.CA/current"
"new","http://arxiv.org/list/math.CO/new"
"recent","http://arxiv.org/list/math.CO/recent"
"current month","http://arxiv.org/list/math.CO/current"
"new","http://arxiv.org/list/math.AC/new"
"recent","http://arxiv.org/list/math.AC/recent"
"current month","http://arxiv.org/list/math.AC/current"
"new","http://arxiv.org/list/math.CV/new"
"recent","http://arxiv.org/list/math.CV/recent"
"current month","http://arxiv.org/list/math.CV/current"
"new","http://arxiv.org/list/math.DG/new"
"recent","http://arxiv.org/list/math.DG/recent"
"current month","http://arxiv.org/list/math.DG/current"
"new","http://arxiv.org/list/math.DS/new"
"recent","http://arxiv.org/list/math.DS/recent"
"current month","http://arxiv.org/list/math.DS/current"
"new","http://arxiv.org/list/math.FA/new"
"recent","http://arxiv.org/list/math.FA/recent"
"current month","http://arxiv.org/list/math.FA/current"
"new","http://arxiv.org/list/math.GM/new"
"recent","http://arxiv.org/list/math.GM/recent"
"current month","http://arxiv.org/list/math.GM/current"
"new","http://arxiv.org/list/math.GN/new"
"recent","http://arxiv.org/list/math.GN/recent"
"current month","http://arxiv.org/list/math.GN/current"
"new","http://arxiv.org/list/math.GT/new"
"recent","http://arxiv.org/list/math.GT/recent"
"current month","http://arxiv.org/list/math.GT/current"
"new","http://arxiv.org/list/math.GR/new"
"recent","http://arxiv.org/list/math.GR/recent"
"current month","http://arxiv.org/list/math.GR/current"
"new","http://arxiv.org/list/math.HO/new"
"recent","http://arxiv.org/list/math.HO/recent"
"current month","http://arxiv.org/list/math.HO/current"
"new","http://arxiv.org/list/math.IT/new"
"recent","http://arxiv.org/list/math.IT/recent"
"current month","http://arxiv.org/list/math.IT/current"
"new","http://arxiv.org/list/math.KT/new"
"recent","http://arxiv.org/list/math.KT/recent"
"current month","http://arxiv.org/list/math.KT/current"
"new","http://arxiv.org/list/math.LO/new"
"recent","http://arxiv.org/list/math.LO/recent"
"current month","http://arxiv.org/list/math.LO/current"
"new","http://arxiv.org/list/math.MP/new"
"recent","http://arxiv.org/list/math.MP/recent"
"current month","http://arxiv.org/list/math.MP/current"
"new","http://arxiv.org/list/math.MG/new"
"recent","http://arxiv.org/list/math.MG/recent"
"current month","http://arxiv.org/list/math.MG/current"
"new","http://arxiv.org/list/math.NT/new"
"recent","http://arxiv.org/list/math.NT/recent"
"current month","http://arxiv.org/list/math.NT/current"
"new","http://arxiv.org/list/math.NA/new"
"recent","http://arxiv.org/list/math.NA/recent"
"current month","http://arxiv.org/list/math.NA/current"
"new","http://arxiv.org/list/math.OA/new"
"recent","http://arxiv.org/list/math.OA/recent"
"current month","http://arxiv.org/list/math.OA/current"
"new","http://arxiv.org/list/math.OC/new"
"recent","http://arxiv.org/list/math.OC/recent"
"current month","http://arxiv.org/list/math.OC/current"
"new","http://arxiv.org/list/math.PR/new"
"recent","http://arxiv.org/list/math.PR/recent"
"current month","http://arxiv.org/list/math.PR/current"
"new","http://arxiv.org/list/math.QA/new"
"recent","http://arxiv.org/list/math.QA/recent"
"current month","http://arxiv.org/list/math.QA/current"
"new","http://arxiv.org/list/math.RT/new"
"recent","http://arxiv.org/list/math.RT/recent"
"current month","http://arxiv.org/list/math.RT/current"
"new","http://arxiv.org/list/math.RA/new"
"recent","http://arxiv.org/list/math.RA/recent"
"current month","http://arxiv.org/list/math.RA/current"
"new","http://arxiv.org/list/math.SP/new"
"recent","http://arxiv.org/list/math.SP/recent"
"current month","http://arxiv.org/list/math.SP/current"
"new","http://arxiv.org/list/math.ST/new"
"recent","http://arxiv.org/list/math.ST/recent"
"current month","http://arxiv.org/list/math.ST/current"
"new","http://arxiv.org/list/math.SG/new"
"recent","http://arxiv.org/list/math.SG/recent"
"current month","http://arxiv.org/list/math.SG/current"

